"Xin lỗi, trang bạn đang tìm kiếm không tồn tại!",,,https://tiki.vn//tka.tiki.vn/pixel/pixel?data=NAcfFdAs0DbfFhcWNlhCN02rNrSKL4SWo4_Bei6g8tUXceKN_kaclUEty9Ac6nlUF6p15q8gg3B7_GIdCEqMN_MOfmUkKDNPtW1V7_U7pzUrIRZyALOKSIflMogrlZhDiFSxobB4H4aeuQ5bE5jJ1wM4R5cfufC8KwvLE0qCglW0xAoBxYXv1TStA0sln_j0-m2q9fyOwb14F0JG95hTc2HsE_aP5PuyzRj-GUXmqB9fESqJUSAf1Qs-VIQL3fZxzVpKmgQAVSHl0X8Q4duQpoZ6LMeniw_dzja38_hXw82e18LFxcpj5qnjcKbc2gpBh_6X8KTefscYpVzn7e8JKTHdMSN1Up9cxpXgDhoJYTo8xeeVercbw9NMl92t6oDw0Igb53ylB0DOKn5FK0NDBg0UhTs6Xlx_FnOEdyuIEyzpE5zzvPUbMNsooEaXx17xPghLtJIZQ1rI84qV600iRqYmRo89T3soQRh90VuPI4IgruKfQgBCiz9BH2k67jrFEnFQGOUWQIT2FFM0XswJniqP52Qigd_C_zkzNPWLvI7NdjCPkxMGmA9zgeyscGy6MALU0LaYwvma_z5bMHiRlzgMRQ5RL3Iq5XBXNRpc106LQJ6piKe2ZYdyoVsyvRTOXwKwwRZp6u1K147tIQhND3iE4FkFJvDkizDr0s564S149R-W_TFA7EYSZ2gpsY77d_I0WDpXWTyDP5D5t2BNMJNlS12Aj2jgZ-ObwZKkIUqQ_MhUJTsyqgg3e7YXMk1fI-_TpNEjZVtMpowPkYl-ek12CoNivC720XCMkDmlAsG8cvFKRbRVRx7V6lu_JmPCoLBym2NF_rncODKdtwk1PwVtF0yihB9UUp3w92naxZHM1hPVe1hCobKfQX6JMavBS_t2nM3wR7-xfTR2zUt05p8vsDK39FUfZwg59LJYWAMmwp9DOeErjHPY3H_bQsN3D93UC85T2mc6Q1-FTSubBvqt0PzcDxgLoVQuQCadIzpLO1iVNh_4hGyRt1KITMg1VLRGXBqRpzyvXBIZAtAd8yWAMRHwQRy2xEqswGDD4cz8qUBIa9nYlyFU4WON1HWg6jkuTx4ztPlEt34RVungrkI86wl5_fQQ8JLMP2HNO9DaSsvNRgNRPYub-ZcW54LvBuXa4MYLlanbbjiE52Cvxy2mesM31SN9SFlDxFxWEmOGWFZ_FlFz0P0k&reqid=Qy4WRMJ7t3ZWWSPh&type=CLICK&pos=1
"Xin lỗi, trang bạn đang tìm kiếm không tồn tại!",,,https://tiki.vn//tka.tiki.vn/pixel/pixel?data=myWRp3vuW4rn7OTU0OjlNgtq0ZeL8Pt2MMqw__TFFmwXicBNFaP8CRT7M6o9XC0XbkYmQY6HUGRfV8caumdvDE1mC2O5SZOG4MHksgPD1hTUlTJY7KeGSeX5j7CUJiXAY1hmGhNq2Q1AiSft1DS7QwFJ-DUKHk5-SVMsEDLuPRrGIeQGiZd-v-oKlYAAzNv25EvWyXbN3YQ9dGL2zq3YSTQcyjzFaMTI1dpjWFI57o8P4IcUGas5FrbGZv1dzV-TH0RPh3Gd785H0ywJcnR7N2iG-SckrZYEs3bvxeFmDf2taDA-DgqqCrM-HFsLozZWn5yzrmFXOxVgoioN9K_jgczeR_YF8tQoSLN-IBc2JcIMEEm0fEBHqTAsQ6KgtgandhO17TbY8rm58fkqQnKHEghLuDdi9H77K4XQI2700W0lRj8xtuwEBJvVv9A4YiCgGtJkK0X-DUDfrqbP4amDOoujp_-Sc6D327LUOOsM9r4ep6CW5FOiV5JPkAMedFFlayPgL--v59Fto1Fc1Pba98v-XHI5X_bz3L9gfiTo0T6gApAcjO6zGrLThDH17gN8ePTGWrrOcXb7KDmohd_4W6_eVNCA-X8iFGSl32hRYHXASyJ5GMVcaEHzmgXyVqyDIcXysIYI0TehOkuRA4pB4EUcf9Xt7lxx-kCthXAckqgjNziXZiRF7gXQifId0W0maeBBk7jO3L0lJnNQwLkujcSlCvascilMwQXvEL5EtBGJzR3ZY7jdbs2A1otMT-3tXVXpiORErzj5zc8QU6fCI8MBvhkNBygxLc8ThB2qTuD3KT7RwZ8ChxMgn58cYD97T7UoA0ns9oxa4ZDkA8TO0PffD-2kCR9xiFJsjLhq766d62aSBwP9p7wH0prxxHrT-CDnxDrGhn1SX1mdBaYzvwpi-qg3xEKF6gxBG9j6OX0Ph7qKK4xZ_m44Awa-OIthR44kidZb0WrWM95dXY-5MpwpOXZbWksB4QyFZQdz4KAtl0CrRiEiHep3a40Mr0IBkTJUeBvSCfbNjQ_qU2btQtMjHnPFaWAuYj4PDvmX1rJNkqN56G9z7j9FF2EkrP0OATnrDYv2t_Vm3eKipQg5mVnu8j_mGqZANhIyPVNa1maLt4Mpf4KSMBdC0SyNPRKuouplyiwv81KjMLbZfgVWN9WCyEfn0SXc&reqid=Qy4WRMJ7t3ZWWSPh&type=CLICK&pos=2
,,,https://tiki.vn//tka.tiki.vn/pixel/pixel?data=vty2zmRxnZkikuYzRZ5hAbQ5qwY2_iTpfoLwGSG4BgqstSRjixZCIl3k3OUDjNdQ8iZv-F35-p1V6bwvhizespwzO3ET3BJpgAqyHeDzGJsBRvjklaDdviof06KBHMYwciECV6SKRO1UnEThxkILfPnYyyVH8HFUcdanJ9s1uhG3a-Ho7eZuF_u-yikRb4QMcaQYr8BRNaYHrm_J5ZHywrjB4xxoXB0UuGhDWa5NIK3tXCLCOH24lTW0BZm0HbA5JVvszgA-yKZhqXDE56sLdQQsYwFPLvnn0Gn0izB8EhcILAbm2CODGmUWlaEPZRPnRH0v3EdS4g7C9AGOldMChlVLXkYs2aerOznYm-13D2QvaeQZuUjBbOguNqnFEmJKBlhEMjgKui4FTNOJ6YxhejuZ0atfQ-rHF3Z3j7YUZ6CSkAbIZXOQt31uap8rgH2_Q980QRbGwYknfOACgzE8zEeGn8J8CIcGn9Q7IGyCmLRiOedSVlOPk6rmPy8LTuZMGMOVGXZo7qFYowTaruS0zmS3F327ft6o3OZPTele_XZNy2gFW388qG7wn97ZOCukZuXQQGo7ZlaKMRrQu2oCxqp7mMa1czYWZZOlHM4OY0PbuVZLI0aN0kqJyaNOe3OscSrOM0pg-8_HupmD_pbZzw1oLyRDSQAsi-2Jz6CSBMqjg5dnOz0pjYFHFWwJwJABWhEkGm_kz4a_lwJIOiYqrj80Ol-wzfVCtTLEOpd0f8WZa-gR6ldEFzFoIF0ZtxS_xOatNnyCDTAlca0MLaAGCyyIEMCNq9nViWFD-EiN98HQYk1jPGC2HFM2gYtaEsjdq6nKA0lpRu8j6F06m7QDqKuUWgjuSoWIu2hDGTILoKMyKKvorbWsscz1yPxb4pegNV8kC4rAYvCT8zKsTWV-JqQDH_jobgTCb4sHHCwuq0fykDSKgXy40RWVgcCtthV0ukRdBHuSAjNlkShMjSJ2mCQg37wvzHvzVUkVWRZ_8D4vqlbzVFRVnAfJtLApdIlVO1OS9m4Z1EM7g4hIEvTVUvNvp5muJ636VQTUmT7_z_M0nzKVswqgfrOoDZ2YPbAl_iyKP2_7xHm-iDGqcUsjOHhRQBHrOAm9-d3MX6-5a0L--q6Lh2XU7cyk76FQNRv6RcwZT7C9&reqid=Qy4WRMJ7t3ZWWSPh&type=CLICK&pos=3
,,,https://tiki.vn//tka.tiki.vn/pixel/pixel?data=hNoQM5SYOpxEiKqEvMD-XtHyzF9j9sovpd4PWXQDRZM3Rid-V-5hfCzFt5hOhAF3F-jLuz4WpRwDD_k1ZIpGLVpLYfAZJjq-ie1O3adxovYtJ6ur8HojfNCyOnlyUGegmYDrFjT_xpxxorLab15_d1G9wpVMJYXWK0tyFYRNdOKUDunKY69b6Giuk3KLAt5UPIeyEXjzt99SHQnhzo5kM6Sh96ujDcBK5aLU2ZrrcRmwZGfgDuNBibySs7x-dsKrT0F1aMRurOxic83O86FpJdgDKisNsq6rFBRMdRL7sRDcxynGaoDyTwkkyGQAgLy_U27epYP1sYyWaUJIQmLCnKnPhNc-jlmLqX9I_to8KMueYdAZ_YHntEODcM5TgetmqrQctHzkFfgszDyJh8-V4qT1oduyjuZZs66ZtZcbNSciOkFxjXsYzuapjmVoy7KGgPdf-qRDMUVob6UZAckd3Dzy-4nbSotmARx6k5S2oxhN5C3tD7RK4q0oTOjIB_2lGlksllB2K8VDGwMNCh8GLH02PiEngV4cnA8JG-tsnPiH_YqPtUJzoQXLjhrdOzsq2EkVjL-KuWMw26-vmIn99qR7Jyig6TiCGrVU7PMGw-LCcph5j0AZkjglzTqy1-wYnYLp3xgYhjvKOTD2ljZCAL6Jkp82u_e-fCVNeoS4WRXjakjxFd9M8QchYfoL7HzeGSPqeEtA6j-xXCyzEKVlnxiJuwgmORV7mlDKgdFUSs4CFfAur_WKEzjDIwciY6va45alzP_5bSuV8jkmjvIMnkb7jPgl5x1HukkTFV0dFDz_giukQ9QSAZ7fwtsFZ3tkkSNAEFE8_krw2a0YJdb9V1EhYrwFcEHSlhg_8wqEeGh_JGGgKYPRpPRrt3oS6cy9abAguTmfifTMtUDFLR7l5RjsfoARPNcu9aCI96lVv9S7DLvfkTDOOF0g3RZmD7ZdZu3PsXbD_aC-1sDS69ggi3i5bTmfu0cg3v_tG-XSJj2ldPncWb6HnnoPUBYHx97VhTuTc1_3M5QWyVLC0zWh7b5R69aJR9drIbUNzGoSB3X8Ex5ZArYrcQjC2BM70cMXO7JQlqnlM8vxAmo_425vecFQ9xSqs9Z95V7M1PTw5G4L8Oor--V2__JTgsFQnukiKa7GT3Uvc7eW-J-ylxZsBA&reqid=Qy4WRMJ7t3ZWWSPh&type=CLICK&pos=4
,,,https://tiki.vn//tka.tiki.vn/pixel/pixel?data=SKsuXQVJg33gcTlr67B3ywJnpNgN6j1UmBcEhSDPrTifGVj0ZaV-gtCMV-d-sM7U09DzT09YhYBP8izQlSHt80m7jxx_XhlWbjMmibGyI0YtMvGKPqTJNc4EiL-_nrQaQkQIHEzNcWLTkRnRZIkvni6XyqUEujfFdiu0xMmD3L9-CA3Yh4oxCs4L_3RlD-4YuDaIk6w0ORohTPOA68jwMY6g-uX9arLqlaPePQejvJs8bYjEVDMmrDXvTICJmnDvFtaD88GCtKl8AFn19t737vfO3V8Fp9O0hp2s9ifHT-OHfI3H3sCmhUvhaTO1YWR6kU_KS9RGESTZX_suYcCHBxbjmghUrVcL75hvUlkt0w3JHQArpW_7cbfXTOmznsbVPgRAveQ4IPSbBa1jLGlTx77Tn8kn6my9cIjWK37EX9TImawmDqIanQl6wS35baEzKbaPfIisV_Tb3QUK5bnwh8OK-KPX4GU-_SRPfxLktNLdGlqSLEVvKP4og75TG6WWBv4Kx63i-1AFFVgA0dJz13Xl1KtcQiXz4zBdATVFcPAm-nLTx_XS166FEAI6lqFty_LQwII8nId9KIU-WW0sn1xNXIxlAl1QkHIMdRSuLlwwq0MaEoCZX8Iy6tF8BXyL6hcxKLYG5mRS4acxYJIqpRDyydAnooi3X8tqOWoYd3IzU9LyaLldysP4S2jaCwbGWxpUeOsoLh6rPZ0PGUNBPl-8pSqEfNg53EjHeLpCcW4DI90etX1kJMp9aBfUY9BVyvFOR2JZbbee1kPtlc7M1WSrQ3u3jbAS1F1mfBADPxdxNKct2EnNjJt9ZuyCo1AJQQdfY7082QNac1aEv4V9Szat-QCZYnvOu4rBO_zvPZyorAKlApM9haAr2oUuH8XgWar-0kTQXUi_V4jEkUTnUCjGWbIhTma_IFK3aybqq51Fjep8CkMP5m4nPvUFQxpTdg3tMNOEnaMrN5eHx0GlkAg4q0YPTJ80386TvcnXVxORCLXEN-VRp8e5W4ShKWoq83rGDwt_05hb5F5WnyfJkyDZtcpIflrRQEkcL77zO__Dn2ThKdJ0dZMhmbicmGlOXwwTeGzDgcq15o7PnRaG4Vc0x5kSr05BmxsvJooazGGW6HYFz_MO3008_JTQOi3LaJuGImVLYD_EiJoN5rPb9JNUyLyYefSQ3xw&reqid=Qy4WRMJ7t3ZWWSPh&type=CLICK&pos=5
MacBook Air M1 13 inch 2020,18.590.000₫,-26%,https://tiki.vn/macbook-air-m1-13-inch-2020-p124742926.html?spid=73795623
MacBook Air M2 2022,24.790.000₫,-25%,https://tiki.vn/macbook-air-m2-2022-p189371737.html?spid=189371745
Laptop Dell Latitude 3520 70251603 (Core i3-1115G4/ 4 GB/ 256GB SSD/ 15.6HD/ Fedora) - Hàng Chính Hãng,10.150.000₫,,https://tiki.vn/laptop-dell-latitude-3520-70251603--core-i3-1115g4--4-gb--256gb-ssd--15-6hd--fedora----hang-chinh-hang-p108924121.html?spid=163143032
Laptop Lenovo ThinkBook 13s G3 ACN (20YA0039VN) | AMD Ryzen 7 5800U | 8GB | 512GB SSD | 13.3 inch IPS | Win 11 | Hàng chính hãng,15.150.000₫,,https://tiki.vn/laptop-lenovo-thinkbook-13s-g3-acn-20ya0039vn-amd-ryzen-7-5800u-8gb-512gb-ssd-13-3-inch-ips-win-11-hang-chinh-hang-p191659040.html?spid=191659041
Laptop HP Victus 16-e0177AX (4R0U9PA) R5-5600H | 8GB | 512GB | GTX 1650 4GB Hàng chính hãng,26.436.000₫,,https://tiki.vn/laptop-hp-victus-16-e0177ax-4r0u9pa-r5-5600h-8gb-512gb-gtx-1650-4gb-hang-chinh-hang-p186136339.html?spid=190455543
